iter,accuracy
0,0.0
50,0.0
100,0.0003333333333333333
150,0.0023333333333333335
200,0.006666666666666667
250,0.006666666666666667
300,0.015
350,0.023333333333333334
400,0.021666666666666667
450,0.027666666666666666
500,0.013333333333333334
550,0.027333333333333334
600,0.029333333333333333
650,0.023
700,0.034666666666666665
750,0.02
800,0.019333333333333334
850,0.02666666666666667
900,0.020666666666666667
950,0.02
1000,0.021333333333333333
1050,0.028
1100,0.031
1150,0.02
1200,0.04066666666666666
1250,0.027333333333333334
1300,0.017
1350,0.031
1400,0.03166666666666667
1450,0.03233333333333333
1500,0.024333333333333332
1550,0.052
1600,0.030333333333333334
1650,0.026
1700,0.04633333333333333
1750,0.038
1800,0.06166666666666667
1850,0.04
1900,0.04733333333333333
1950,0.112
2000,0.072
2050,0.05266666666666667
2100,0.053
2150,0.071
2200,0.095
2250,0.071
2300,0.050666666666666665
2350,0.05366666666666667
2400,0.07633333333333334
2450,0.08833333333333333
2500,0.057666666666666665
2550,0.121
2600,0.05466666666666667
2650,0.069
2700,0.13333333333333333
2750,0.113
2800,0.12233333333333334
2850,0.12133333333333333
